{
  "relationship": {
    "precision": 0.9,
    "recall": 1.0,
    "f1-score": 0.9473684210526316,
    "support": 9
  },
  "cor": {
    "precision": 0.9166666666666666,
    "recall": 0.8461538461538461,
    "f1-score": 0.8799999999999999,
    "support": 13
  },
  "triste": {
    "precision": 0.7777777777777778,
    "recall": 1.0,
    "f1-score": 0.8750000000000001,
    "support": 7
  },
  "comida": {
    "precision": 1.0,
    "recall": 0.7058823529411765,
    "f1-score": 0.8275862068965517,
    "support": 17
  },
  "filme": {
    "precision": 0.8,
    "recall": 1.0,
    "f1-score": 0.888888888888889,
    "support": 4
  },
  "live": {
    "precision": 0.9166666666666666,
    "recall": 0.8461538461538461,
    "f1-score": 0.8799999999999999,
    "support": 13
  },
  "linguagens": {
    "precision": 1.0,
    "recall": 1.0,
    "f1-score": 1.0,
    "support": 14
  },
  "religiao": {
    "precision": 0.9444444444444444,
    "recall": 1.0,
    "f1-score": 0.9714285714285714,
    "support": 17
  },
  "hobby": {
    "precision": 0.8888888888888888,
    "recall": 0.7272727272727273,
    "f1-score": 0.7999999999999999,
    "support": 11
  },
  "historia": {
    "precision": 0.6666666666666666,
    "recall": 1.0,
    "f1-score": 0.8,
    "support": 6
  },
  "me": {
    "precision": 0.8571428571428571,
    "recall": 1.0,
    "f1-score": 0.923076923076923,
    "support": 6
  },
  "piada": {
    "precision": 0.7777777777777778,
    "recall": 1.0,
    "f1-score": 0.8750000000000001,
    "support": 7
  },
  "esporte": {
    "precision": 1.0,
    "recall": 1.0,
    "f1-score": 1.0,
    "support": 6
  },
  "how": {
    "precision": 0.8,
    "recall": 1.0,
    "f1-score": 0.888888888888889,
    "support": 24
  },
  "filhos": {
    "precision": 0.9090909090909091,
    "recall": 1.0,
    "f1-score": 0.9523809523809523,
    "support": 10
  },
  "signo": {
    "precision": 1.0,
    "recall": 1.0,
    "f1-score": 1.0,
    "support": 3
  },
  "cpf": {
    "precision": 1.0,
    "recall": 1.0,
    "f1-score": 1.0,
    "support": 6
  },
  "playlist": {
    "precision": 0.875,
    "recall": 1.0,
    "f1-score": 0.9333333333333333,
    "support": 7
  },
  "bff": {
    "precision": 0.7727272727272727,
    "recall": 1.0,
    "f1-score": 0.8717948717948718,
    "support": 17
  },
  "license": {
    "precision": 0.7647058823529411,
    "recall": 0.9285714285714286,
    "f1-score": 0.8387096774193549,
    "support": 14
  },
  "where": {
    "precision": 1.0,
    "recall": 1.0,
    "f1-score": 1.0,
    "support": 3
  },
  "starwars": {
    "precision": 0.7368421052631579,
    "recall": 1.0,
    "f1-score": 0.8484848484848484,
    "support": 14
  },
  "genero": {
    "precision": 0.9285714285714286,
    "recall": 0.8125,
    "f1-score": 0.8666666666666666,
    "support": 16
  },
  "micro avg": {
    "precision": 0.8603773584905661,
    "recall": 0.9344262295081968,
    "f1-score": 0.8958742632612966,
    "support": 244
  },
  "macro avg": {
    "precision": 0.8796943193059762,
    "recall": 0.9507188783083924,
    "f1-score": 0.9073307934918471,
    "support": 244
  },
  "weighted avg": {
    "precision": 0.8747110660223512,
    "recall": 0.9344262295081968,
    "f1-score": 0.8960326358825099,
    "support": 244
  }
}